param,fitval,fiterror
pB,0.01193,0.00084
pC,0.04489,0.04822
pD,0.00200,0.04214
dwB,2.43551,0.01987
dwC,1.55464,0.71978
dwD,0.70000,7.48238
kexAB,517.91790,21.61427
kexAD,569.00000,13626.95890
kexBC,115.00000,43.39039
kexCD,6400.00000,84553.40367
R1,4.71000,0.04311
R2,10.68000,0.30715
R2c,38.36662,61.91522
R2d,45.50000,1512.83799
rchi2,9.08104,0.0